,returns,CDF for h = 0.001,CDF for h = 0.003,CDF for h = 0.01
377,-0.1713,-0.00028900273165755665,-0.0003239234870605019,-0.0003284562055697465
344,-0.0691,0.0017626499638354028,0.0015682686551701773,0.0037284072198662736
357,-0.0614,0.004365318888710354,0.005136945256309924,0.008688939729017811
404,-0.0607,0.004344755474270339,0.0058977849478631965,0.00911033716391566
276,-0.0586,0.008301360892111195,0.007292677072724307,0.011870650513633497
265,-0.057,0.010220267382267886,0.009361316351633345,0.01346978268053469
281,-0.0546,0.012387126284239979,0.012282416156029331,0.016958062490235883
161,-0.0529,0.014452433729064797,0.015145761861463297,0.019516527692684228
160,-0.0528,0.015538845096039082,0.015265178514753053,0.020132153130423967
384,-0.0513,0.01803016980396433,0.01732306771726615,0.022821255237593676
80,-0.0501,0.02064443392225206,0.019363985334650387,0.024847479488423647
378,-0.0491,0.021879987417165972,0.021127373678546175,0.027081389796267744
122,-0.0483,0.024190787606905264,0.023141149229116562,0.028533150950901878
264,-0.0455,0.029957329936948166,0.03026551896218778,0.03563497884434078
280,-0.0454,0.02764820951441185,0.02964227762731679,0.035507466344056604
188,-0.045,0.029621700107712083,0.030332380307350117,0.03710805446824422
255,-0.0447,0.03135089218928178,0.030975552141303257,0.0379474394248842
238,-0.0446,0.032881663690160164,0.03140133692137886,0.03777046795297378
277,-0.0435,0.03390617002921769,0.034499257486024046,0.04062697836958806
267,-0.0428,0.03585344862302615,0.035931209164167775,0.043769652292111674
145,-0.042,0.038923380227998954,0.038462023736283234,0.046045950685338594
183,-0.0408,0.04186207948256553,0.04178097059195991,0.05024819613622705
151,-0.0391,0.04893567352613782,0.04587173149028343,0.056820965346835596
96,-0.0391,0.04705141891140673,0.0466124901053115,0.056546965985226974
127,-0.039,0.0460369368423766,0.04599008172763294,0.05664776557763939
339,-0.0389,0.045722989355194775,0.047486943359849904,0.0575873003924187
367,-0.0368,0.05109246082725743,0.053703183350693254,0.06634863722161354
368,-0.0368,0.053113615370280094,0.05483450944025486,0.06665536428283615
181,-0.0358,0.05736511479931005,0.058910428722878154,0.07034112043109185
0,-0.035,0.06028581091057368,0.06412580546923446,0.07480752872934027
242,-0.0348,0.06126154392488779,0.061951209996492625,0.07559978730856873
187,-0.0348,0.058876136814663006,0.06189730125470452,0.07633315338749867
83,-0.034,0.06505686517281632,0.06644890465748694,0.0789109551881432
390,-0.0338,0.06350856485760588,0.06798765605085993,0.08058592550978154
258,-0.0332,0.07029614640135069,0.07086265770066713,0.08460082783115111
88,-0.0332,0.0677575315238428,0.06914429763848051,0.08423412840391696
333,-0.0327,0.07053153492692303,0.07294809064189872,0.08642633700163427
313,-0.0324,0.07180198899059663,0.07447003800852614,0.08965458543519171
257,-0.0319,0.07569373083109049,0.07762401505581647,0.09205786705785719
142,-0.0317,0.0779875938977807,0.07763917986517364,0.09311850464693122
475,-0.0316,0.07825169191357602,0.07918473062716316,0.093190749990865
340,-0.0308,0.0832711685734099,0.08364658927377082,0.09835088582954339
401,-0.0308,0.08451924393773903,0.0830906073808798,0.09877538412575272
300,-0.0306,0.0840659675250457,0.08408010374560755,0.09967788728332627
319,-0.0303,0.08577601060714708,0.08583487557935447,0.10178555490184685
162,-0.0301,0.08766722972187928,0.08782673052157028,0.10416422520589104
472,-0.0298,0.08744782756025259,0.08812950143722185,0.10581430630162812
433,-0.0296,0.08813603952190402,0.09018425780448691,0.10671075187170087
226,-0.0285,0.09766754806435123,0.09604609784442089,0.11480221977996573
456,-0.0283,0.09898304346287615,0.09824374838394308,0.11633255032294364
236,-0.0282,0.10051953045985434,0.09724652143369204,0.11629464462100994
385,-0.0278,0.09931549058877626,0.10131391563979987,0.11852404900241346
220,-0.0268,0.09998922340761032,0.10697512702676253,0.12730085374236663
154,-0.0266,0.10623594683067908,0.10854918373580622,0.12883605752429145
270,-0.0263,0.10647968255191244,0.11199444573316635,0.13184575030446466
292,-0.0263,0.10570468080317627,0.10913191506620491,0.13088884695771183
171,-0.0263,0.10695472206191094,0.11050782600757386,0.1303852170666846
369,-0.0254,0.11275090795752096,0.11768905275679446,0.13785186152786297
470,-0.0249,0.11686372852889138,0.11962868030189419,0.14350883147898297
263,-0.0249,0.11997111084764855,0.11992379990481958,0.1432322874484117
112,-0.0249,0.12115343361549978,0.11951954353098947,0.14207362670821014
72,-0.0248,0.12011756981105619,0.11931349949966426,0.14418908869361566
303,-0.0245,0.12288455437118434,0.1242593384358753,0.14671488202457453
247,-0.0244,0.12416920233419021,0.12289211950453943,0.14863285113843516
306,-0.0241,0.12304180757497563,0.12766076928664802,0.14951185642496673
240,-0.0234,0.13010429271476545,0.13343564619707518,0.15722028929442367
164,-0.0228,0.13132934164021906,0.13833591555437746,0.16285097387876657
308,-0.0228,0.1327947200922817,0.1379952899396943,0.16321991652644008
312,-0.0224,0.13728750536559856,0.14373221005989575,0.16653997245326382
197,-0.0224,0.134825542981336,0.1405127191093081,0.16642057343538716
468,-0.0221,0.13766425494709172,0.14476157095097186,0.16986441308442646
259,-0.0215,0.14091345692070617,0.15034781529746974,0.17614916540809664
234,-0.0215,0.14442288291167518,0.14925380262786078,0.17597040024328353
371,-0.0212,0.14611175655519018,0.15244953781906906,0.17908985759576448
288,-0.0211,0.1480024988941162,0.15408130130158793,0.17876145894015474
217,-0.0211,0.1537533956101585,0.1540926494769877,0.17990890728916478
107,-0.0211,0.150589601446806,0.15371020239647276,0.18069888060115932
4,-0.0207,0.153529908994215,0.15989744360605845,0.1836085323056424
16,-0.0207,0.15432924466477888,0.1580417541150866,0.18292258715303028
443,-0.0205,0.15465535476234044,0.16171559579815475,0.18546975690454406
41,-0.0204,0.15330960831845317,0.16268918433684695,0.1883941159231999
291,-0.0203,0.1598332336175299,0.16311964884765973,0.18917297211554496
203,-0.0203,0.1582544181987612,0.16338647602824896,0.18808096447284095
289,-0.0199,0.1661543978219982,0.1665705064337369,0.19435161518365388
168,-0.0198,0.16356451212958822,0.16841867131192054,0.19561722354889832
2,-0.0197,0.16532970504876016,0.17188275275207898,0.19555881192582245
415,-0.0195,0.17124405183971858,0.17007513390167123,0.19751940678713345
500,-0.0193,0.17235347069947807,0.17478623259810214,0.19927672884205877
439,-0.0193,0.17281318284477418,0.17338342781864108,0.19971194551478383
327,-0.0191,0.17428504045611518,0.1753041212311946,0.2023705912676884
338,-0.0189,0.17693283448092434,0.17752207811886264,0.2050931621828324
362,-0.0188,0.17830393062220837,0.1798971274584532,0.20461216251469647
366,-0.0187,0.1848046107744743,0.1809259464009531,0.20738868603028146
337,-0.0185,0.18129246439784877,0.18484825329510807,0.2098315335882931
114,-0.0184,0.17976283517494082,0.1841774729533242,0.21057515183720624
321,-0.0182,0.1844612108222878,0.1865172900810097,0.21235302863033254
1,-0.0175,0.19131160798091396,0.1961899898160346,0.2224011456106124
159,-0.0171,0.19714055052455975,0.20039523370541942,0.22687711434990931
428,-0.0171,0.19641154601374972,0.2003242491111109,0.22579891834632448
241,-0.0169,0.19875147266370993,0.20583702153043876,0.22948210097509078
125,-0.0169,0.19922430698277105,0.2026386063921135,0.22850162593038223
480,-0.0167,0.1991518679757495,0.20347103904189054,0.23024021303414818
210,-0.0166,0.2059115970944453,0.2066391315501655,0.23286165498813483
246,-0.0166,0.20704706840399248,0.20694014557721854,0.23303588592318064
7,-0.0165,0.20648757111507024,0.20995321808725642,0.23344630197322144
25,-0.0164,0.20739870180196038,0.2086434943740624,0.23570302662865525
301,-0.0162,0.21013121013906466,0.21175448784271572,0.23734750532421098
198,-0.0159,0.2138519352874221,0.21597030874530382,0.24267571626954446
260,-0.0159,0.2135116026590102,0.2155539343682795,0.24097807279759034
346,-0.0159,0.21706915398362625,0.21855775825634416,0.24159110321581745
156,-0.0157,0.22002158610178957,0.22255397949536534,0.24464655395481538
148,-0.0154,0.22003598179072964,0.22286802131060798,0.2501094750359605
341,-0.0154,0.22247706709518952,0.22433721853776106,0.24901540566489289
383,-0.0153,0.221290098660921,0.22569986483789783,0.2503612123487426
19,-0.0152,0.22852517247290946,0.2251245840307317,0.24959324054769008
488,-0.0149,0.22404751018761135,0.2309775812935674,0.25488269376494105
106,-0.0149,0.22995283686730714,0.23215547384669805,0.2547198496122582
417,-0.0148,0.23160697812352984,0.23317369313058195,0.2575071814130715
469,-0.0148,0.23094500723376352,0.2327413428093766,0.2570793168656373
97,-0.0148,0.22713275005670858,0.23378544236108612,0.2556826001969074
5,-0.0142,0.23966210270854799,0.24165025108468186,0.2639543638393738
359,-0.0141,0.24336069336511176,0.24319977389670355,0.26546767596525256
176,-0.0141,0.2473106325173576,0.2412956501742543,0.2662081745841078
184,-0.014,0.24206365857729956,0.24376020752733651,0.26952938738259774
101,-0.014,0.2452082914903126,0.24382648323172723,0.26880090431419384
175,-0.0139,0.2501726329477436,0.24427827645245986,0.26921336855676775
502,-0.0138,0.25006209122088835,0.24585394809593067,0.27255347013009584
27,-0.0137,0.2451885324319524,0.2470797239093542,0.2735873553835637
166,-0.0136,0.2536018730585086,0.24722481731848134,0.27301608518153814
272,-0.0135,0.249583523036004,0.2508539246614225,0.27631299414728444
358,-0.0135,0.2521294073851514,0.25237551431056826,0.27243930868829747
177,-0.0134,0.2544209628608329,0.25294672275198904,0.2775361346569395
111,-0.0131,0.25787481918349314,0.25391259231382257,0.28168203474842035
51,-0.0126,0.2584873178468138,0.2680623484122633,0.2875834543576034
492,-0.0125,0.2652791823526708,0.2684919173306718,0.28920184351455885
503,-0.0123,0.270198991056664,0.2703582483783121,0.29317322935852863
58,-0.012,0.27255569664549667,0.2721136689461887,0.2981215540901075
52,-0.0119,0.2698051806763486,0.2779401900221899,0.3014498028967996
305,-0.0116,0.27618332869939244,0.2813991616036384,0.3042234086344885
253,-0.0116,0.2828893295594168,0.28129159482525173,0.30527105994804415
403,-0.0114,0.2831732739879541,0.2819578918371677,0.307173223653842
423,-0.0113,0.28658473353124403,0.2847522457095088,0.30729666462237565
314,-0.0111,0.28493325087316534,0.29006170756252647,0.310123018474039
46,-0.011,0.2859751569122423,0.29260912213470164,0.31216578409162643
399,-0.0108,0.2850352414974173,0.2933043594981056,0.31336244739824826
71,-0.0108,0.28750380008266885,0.29052771548515677,0.3148788437863303
79,-0.0106,0.29048727967717475,0.29746330956429523,0.31806604869887123
398,-0.0104,0.3004323450065281,0.3011873539979328,0.32146872454784764
222,-0.0104,0.2909971038132176,0.3020653878724972,0.3223306203300149
22,-0.0103,0.2967686075647089,0.3024346736267108,0.3227749489121643
17,-0.0102,0.29774682532962965,0.30420848257794797,0.3224420551582043
167,-0.0101,0.30500939925971954,0.30419835551751295,0.3274880657551175
275,-0.01,0.3033937054356107,0.3095995182861356,0.32900750862069533
231,-0.01,0.3010940598388445,0.309401299177202,0.3261286515802121
213,-0.0098,0.30587928366284434,0.3089608035937006,0.3318307552977741
360,-0.0097,0.3057101710222665,0.31352032746047975,0.3316743919620943
251,-0.0096,0.30955009653979315,0.31297005118297255,0.3330958261953156
335,-0.0094,0.3098518262667412,0.31448689684669373,0.33872517155733745
393,-0.0093,0.31663238509142067,0.31983455052540793,0.33835745597752853
199,-0.0092,0.32025355528058197,0.3189805062116602,0.3412703506818434
126,-0.0092,0.3186274134688248,0.32076396413010666,0.33843078647818026
434,-0.0091,0.3188900536597716,0.3225562222170357,0.3426282475367084
212,-0.009,0.3241500641034826,0.3233355415880232,0.34320619640569133
316,-0.0087,0.33210114235031807,0.3322505485541176,0.3470750012939214
448,-0.0087,0.3281927611230344,0.33176876111124576,0.3497510405440384
92,-0.0087,0.32998211882296125,0.330202034525668,0.34898603247764903
141,-0.0085,0.3360306578715783,0.33622231927943363,0.351646884724294
138,-0.0084,0.3362127070554328,0.3347909851925187,0.35246078863856206
14,-0.0084,0.33458760715979907,0.3363431691640704,0.35265516716559836
228,-0.0084,0.3389609901377483,0.3372727532837951,0.3543916315832567
218,-0.0083,0.33810061299017186,0.33917813547884695,0.3537954794782844
363,-0.0083,0.33750471088644846,0.3401040614479733,0.3551838313115347
57,-0.0083,0.3343096096000505,0.3377725663480993,0.3550611409178746
455,-0.0082,0.34091330228645006,0.342343193205641,0.35532588329661996
307,-0.0082,0.3371603011913471,0.33864662249081295,0.3565094630556975
37,-0.0081,0.3381114747181201,0.3454866721892866,0.3582500504519552
311,-0.0078,0.34550015374754817,0.3456436004600059,0.36523512911897305
499,-0.0078,0.3536028825110954,0.3463671474699636,0.3625342610630993
416,-0.0076,0.35615289176671344,0.3522091843167346,0.36539535175747867
179,-0.0076,0.35108739719918325,0.3523225112094162,0.36693279679134394
365,-0.0072,0.36200427111285777,0.3597012752597733,0.3722572301036791
414,-0.0072,0.35609592253230227,0.3600820488270667,0.3728711288589669
444,-0.0071,0.3581931106224437,0.35713578124816214,0.37499083504029923
485,-0.007,0.3613701026037478,0.3607181542483537,0.3758414825639811
454,-0.007,0.3589001882917687,0.3616884481924259,0.3749183031053612
221,-0.007,0.3651227533784036,0.36323523433119,0.3746999647311065
119,-0.0069,0.3635636003969819,0.36428188179218846,0.3795734485575367
102,-0.0069,0.365048930943243,0.36241872119090013,0.3774773971084193
190,-0.0067,0.37133074758960943,0.3653637701151145,0.3795273066148161
299,-0.0063,0.36965521819632874,0.37672742941158577,0.3877239296474818
382,-0.0062,0.3808639862910832,0.37512106646435583,0.3896666121998794
421,-0.0061,0.38300531837468754,0.3792046374923757,0.39063027445719006
302,-0.0061,0.3786777182655474,0.3785135736731344,0.3912760374259822
34,-0.006,0.3778071245893659,0.377066307929366,0.39135233498826183
479,-0.0059,0.3837526711228052,0.3829101457295115,0.3909482972719462
412,-0.0058,0.38838525267786395,0.38925649258144557,0.39546054467032316
98,-0.0057,0.38689403081927626,0.3891602633475291,0.39535687402321035
375,-0.0056,0.3897427588026771,0.3872889279989963,0.40094885373474254
207,-0.0055,0.38648833317128994,0.39403549422026835,0.4013265675317581
67,-0.0055,0.3930443988003058,0.39444455626133695,0.40173703595031784
100,-0.0053,0.3892131458712248,0.3962994261139579,0.40490844685365374
348,-0.0052,0.395381768398958,0.39689733068695354,0.4046161832324277
150,-0.0051,0.3982871747403793,0.39983008022543676,0.40891456439113855
30,-0.0051,0.40125161555850203,0.40020841241974686,0.40799246788892063
208,-0.005,0.4016833064225016,0.4016415724130101,0.40973990769026386
392,-0.0049,0.4044447134027699,0.3999664077294452,0.4109866506963439
310,-0.0046,0.4076826584272717,0.41059134814773485,0.41501141470607134
144,-0.0045,0.41422877691624754,0.4110121558417102,0.41880030044544225
235,-0.0044,0.41180211292844937,0.41245019258721816,0.41984952900328043
405,-0.0041,0.4173279993980657,0.4206080440340637,0.4244092866611394
104,-0.0041,0.4210556713920863,0.42001662269870665,0.42512793259419346
87,-0.0041,0.42127608831718205,0.4210086741989857,0.42493430266426313
169,-0.004,0.42260394431308296,0.4184094543216652,0.4267114571574461
61,-0.0039,0.4186324171444355,0.42082202535418833,0.42954233913436257
110,-0.0038,0.42487486936565977,0.42270731466644784,0.4299779959264506
157,-0.0038,0.42500934213528974,0.4264759027203811,0.42897444553354924
23,-0.0036,0.42506788548148167,0.42753570710127387,0.4337805145038478
483,-0.0035,0.4252170258406838,0.4330153531357138,0.43443911441694405
140,-0.0033,0.4379434790322055,0.4323810137977051,0.43792718800350733
429,-0.0033,0.4290999422663565,0.43444474930966315,0.4389297295515368
351,-0.0032,0.43760132248479305,0.43553193546779223,0.4384570761687845
331,-0.0031,0.43141131491856166,0.4406164512078124,0.44255358045607723
326,-0.0029,0.4443681798729768,0.4427425366415465,0.44429214508324866
309,-0.0029,0.4414845187940244,0.4407183291547486,0.4480105098736026
315,-0.0027,0.44549801821877505,0.44868196680398026,0.44795297439418963
413,-0.0026,0.44559320761883175,0.44980533666542594,0.45166379173615623
43,-0.0025,0.45066360980273784,0.44914510251605955,0.4531366388235517
103,-0.0025,0.44550810605384006,0.4522640514550257,0.45195135176439655
411,-0.0024,0.4522444910160277,0.4544595332305781,0.4545226308793368
172,-0.0023,0.4560612279272038,0.4533773423498723,0.45357419680157146
224,-0.0023,0.4581217059700853,0.4544190523518058,0.4555469292091832
153,-0.0022,0.45537501870810676,0.4559789857069239,0.4576676435351994
123,-0.0022,0.45790433242703804,0.45706033505217647,0.4554411412207456
487,-0.0021,0.46000679178070425,0.4609033512426858,0.46145895735814213
202,-0.002,0.45349274594174027,0.4601729006491587,0.4610520921500805
397,-0.002,0.46437158521034105,0.4590744348101651,0.4599678377349982
204,-0.002,0.4648454138101359,0.4587708812830933,0.46189255482530733
128,-0.0018,0.45890003853886957,0.46230908245958463,0.46254218475839237
91,-0.0018,0.46833045782474647,0.4648059472494639,0.4660020069482669
82,-0.0018,0.4627834525187912,0.4643211970339384,0.4640820374596913
328,-0.0017,0.46232209504731125,0.46181367171134613,0.4656873152570829
105,-0.0016,0.4712390134573972,0.4682669080557684,0.4676780464260491
85,-0.0015,0.46982444763350434,0.4700817285496378,0.4703676387263367
318,-0.0009,0.4810292711306532,0.48297382193004773,0.4782382138047753
45,-0.0008,0.48359028721532304,0.4827299218676584,0.4810496867396669
139,-0.0007,0.48438302558501717,0.4855124907862495,0.4822216285209913
464,-0.0004,0.48954900340971413,0.49012225885845523,0.48620266471115137
317,-0.0002,0.4951301687706325,0.4942736971269625,0.49271475814055626
95,-0.0001,0.493452529474595,0.4933392220493157,0.49356367702557546
239,0.0,0.49800213621025213,0.49283494422401153,0.49669226524491406
353,0.0,0.5038582659058493,0.4942300606681854,0.4965909788116815
396,0.0,0.4984190169157612,0.4994843826504798,0.4943483170916811
15,0.0002,0.489259821198544,0.5011967054834519,0.49816873523972965
356,0.0004,0.5035913960336472,0.5050900223923029,0.5034734525229873
55,0.0004,0.49996320267564615,0.5047919646136295,0.5041570824099941
465,0.0007,0.5160481655682874,0.5130770300604015,0.5062153457547655
36,0.0008,0.5045220012584734,0.5180847151743089,0.509046827034757
237,0.0009,0.5123142815541337,0.5156070496834896,0.5098815006102725
482,0.0011,0.5227808413113703,0.5183670837979005,0.5138272630629278
84,0.0011,0.5204600320666006,0.5185007671322421,0.5149808940852297
69,0.0012,0.5253731781440805,0.5241355401302498,0.5169548451041802
361,0.0012,0.5184160921693761,0.5220250799631684,0.5166695210674719
442,0.0012,0.5134638964338123,0.5234754260552738,0.5158655481245427
262,0.0013,0.5216923049662925,0.52194508280604,0.5190233650796228
174,0.0013,0.5214847822117391,0.5266606164954865,0.5174279457552712
133,0.0013,0.5167673061700429,0.5263289093758445,0.5199085852384602
453,0.0014,0.5195432568153211,0.5207461099128234,0.518651758954294
108,0.0014,0.5164995624780264,0.5267580694879037,0.5201943193151289
462,0.0016,0.5299505563888872,0.5329719219691705,0.5225067928635436
486,0.0017,0.5334882274319053,0.531177108154858,0.522719770795424
435,0.0018,0.5353540439826,0.5308308498868218,0.5257008242663299
200,0.0018,0.5276957432360697,0.5338349255310716,0.5248261208718368
115,0.0021,0.5437486579828843,0.5369192075383958,0.5333952485504768
229,0.0022,0.5446219628801813,0.5415711412387526,0.5330607266253998
70,0.0023,0.5520096646490096,0.5461746639487167,0.5320191812404075
136,0.0024,0.5352106834203673,0.5477450427458527,0.5352509090926947
254,0.0025,0.5497690313513762,0.5507082824380423,0.5382231992041537
233,0.0026,0.5586246799583697,0.5508139551793875,0.5396639274210039
460,0.0027,0.5503847645297357,0.5529015627705314,0.5413278555901426
244,0.0028,0.5519320145809432,0.5551787864025423,0.5436329387007506
370,0.0029,0.5546391215383586,0.5542957966629005,0.5458763219043606
227,0.0029,0.5500833186773574,0.5581225782727365,0.5477817020007381
18,0.003,0.5553162940772788,0.558996991682508,0.54826165770356
182,0.0032,0.5591655043882915,0.5606473434643487,0.5512332628629428
394,0.0032,0.5648532056160235,0.5608974503882377,0.55201294328874
497,0.0033,0.5647193892834904,0.5618190258031612,0.5525992349854957
430,0.0033,0.5710771356974852,0.5630882234220708,0.5531244737870918
48,0.0034,0.5581707717433008,0.5665145392425365,0.5531171610465286
432,0.0034,0.5688290994454592,0.5661997564619682,0.5543343347112774
65,0.0035,0.5652301028765833,0.5624045461619203,0.5530674173937612
120,0.0036,0.5655475626955195,0.5699167943195342,0.5560573471657309
467,0.0036,0.5830535773590231,0.5711848834204725,0.558000908759585
209,0.0039,0.5816153368372858,0.5774894416522893,0.5622279031731946
39,0.0039,0.5819365318217558,0.5769585560670358,0.5611320583880773
20,0.0041,0.575480062087339,0.5787108477696569,0.5662219602551476
149,0.0041,0.5838106214290751,0.5805542190911486,0.5638531107727838
121,0.0043,0.5848800676134848,0.584235419687127,0.5670944696986411
374,0.0044,0.586829699389352,0.5812476868784935,0.5710819161571373
441,0.0046,0.5901916826023239,0.5917512310431393,0.5724718159920844
458,0.0048,0.5978017547470292,0.5870225415839857,0.57644854113933
252,0.0048,0.5932367917234138,0.5971906674253369,0.5758891403477272
287,0.0049,0.6028126255073408,0.5964539055592643,0.578691265822289
158,0.0049,0.6042567492383927,0.5925848119011509,0.5790507111882262
152,0.005,0.5995990276873159,0.5955841163302739,0.583431410807266
44,0.005,0.6004765004858599,0.5937475654852922,0.5807708992348171
173,0.0052,0.6085479492748909,0.5977824640911173,0.5848530258981196
256,0.0056,0.6159168542659172,0.6111041700842129,0.5906262386631771
40,0.0056,0.6119491237521385,0.604201229790822,0.5898458717200473
438,0.0057,0.6180978625781959,0.6049978474673312,0.5933737187875886
343,0.0057,0.6180555545485972,0.6116514428018304,0.5935411394769398
94,0.0057,0.6170243709396067,0.61238380235325,0.5901554686616444
481,0.0057,0.6138516917916882,0.6080180484693128,0.5893780548678573
135,0.0059,0.6154114564428221,0.6122590981035281,0.5946464936984998
214,0.006,0.6230170962396505,0.6119562532836583,0.5964536014669509
12,0.0061,0.62612064350372,0.6136690439219049,0.6001190606221821
342,0.0062,0.624635506394011,0.6171553504981017,0.5996427051694174
53,0.0062,0.6268797561588975,0.6131535975602801,0.5995499642870804
459,0.0062,0.6204307147185406,0.6171680308365147,0.5968781533420067
426,0.0063,0.6223505935986666,0.6182327517276363,0.603430175909695
452,0.0063,0.6154241337244815,0.6208150069115566,0.6006052319767857
250,0.0065,0.6320419876213654,0.6235760383395448,0.6025828899622556
178,0.0065,0.6277474585458834,0.6222814482823753,0.6056660290794855
68,0.0065,0.6338795288682207,0.6210872656025658,0.6032871364578286
461,0.0068,0.6333584114543899,0.6284280330044437,0.6092172590752749
42,0.0071,0.6392840091847619,0.6283338102661259,0.6140532025254833
478,0.0071,0.6374330599252789,0.6270771730915409,0.6161747622593593
395,0.0073,0.6361344268728689,0.6342447074608321,0.6178856543338391
89,0.0077,0.6454171831046963,0.647830597774893,0.6227890699283848
446,0.0079,0.655155597556617,0.6497031561937244,0.6271141312832865
489,0.008,0.6647549649282689,0.6494477386712237,0.632482238771054
129,0.0082,0.651277275531415,0.6515302602559938,0.6315317290690098
408,0.0086,0.6574847438020065,0.6594551876277309,0.6399233733244849
332,0.0086,0.6584869227612511,0.652629128643871,0.6364427278244962
63,0.0086,0.642427099563307,0.6629987728844802,0.6384732761225546
445,0.0087,0.6577905662298857,0.6577395065361458,0.6407011623721225
56,0.0089,0.6595051712586119,0.660717070888027,0.6430691449181587
380,0.009,0.6567640796328021,0.658958678296111,0.642280701554876
35,0.009,0.6576546404638718,0.6636987011960419,0.6465856166819663
437,0.0095,0.6682249799734241,0.671346958568349,0.6513018147123248
381,0.0095,0.661991495131004,0.6732196873265919,0.655183598567096
147,0.0096,0.6768260187634493,0.67204128459587,0.654243621682382
191,0.01,0.6798744363096697,0.6755390136582197,0.6578070943225588
388,0.01,0.6785377263995871,0.6731506216703413,0.6613902357101783
49,0.0102,0.6730493675501443,0.6809778069266077,0.6655871842564104
118,0.0103,0.6781676654404811,0.6818959638734043,0.6671600336812071
422,0.0106,0.6933683640969411,0.6857846288406922,0.6701366149818333
143,0.0106,0.6800577367882977,0.6851307098092597,0.6671849227088062
298,0.0111,0.6943714977373497,0.6965166812570589,0.675529383557497
329,0.0111,0.6897259686158282,0.6977366884932124,0.6773434487942512
436,0.0112,0.6944829302641573,0.695111125639875,0.6764915965027717
73,0.0114,0.6996686328526108,0.6974693861224552,0.6795663119434948
75,0.0114,0.7052201176217191,0.6965666447051648,0.6797301314549451
196,0.0114,0.6959881358053461,0.6955031564352846,0.6819921194677611
134,0.0116,0.7063040905920606,0.7023654951423404,0.6839970482681702
447,0.0117,0.69725679314385,0.6997601518372729,0.685738318876822
320,0.0117,0.7059779805909309,0.6984351965428213,0.6854749105433093
32,0.012,0.6979886430701522,0.7068460068781945,0.6889038097269414
261,0.012,0.7020274040702233,0.7076537096506754,0.6882519800801397
76,0.0121,0.7136699041146702,0.7072839854221952,0.6914216329502801
286,0.0123,0.712534889828761,0.714959505421771,0.6906076165646636
195,0.0123,0.7094494509595602,0.7084189292279158,0.6925680561609843
185,0.0126,0.7118693025946027,0.7165189259852754,0.6968612437813603
336,0.0126,0.7169622123204313,0.7174717940815543,0.6950229293065455
78,0.0128,0.7109548110367288,0.7178458939383565,0.7003182117789105
211,0.0131,0.7176253715212272,0.7192915312211308,0.7090809531894158
64,0.0132,0.7156841821627088,0.723160931156441,0.7077525112846248
9,0.0133,0.7227910144565965,0.7211837855620009,0.7074048018787888
137,0.0133,0.7182337148141955,0.7274832765685411,0.7051222563969717
427,0.0135,0.7157376558755958,0.7249612618794602,0.7116679915346982
225,0.0137,0.7368158497368482,0.7328314833648547,0.7138921058489729
295,0.0138,0.7419787905655723,0.7369020006106962,0.7155698064260506
232,0.0138,0.734773667670779,0.7364839767917648,0.7125938616896519
113,0.0139,0.7331691670574675,0.7329321958504905,0.7173411060679109
349,0.014,0.7418427332955589,0.733132846078954,0.7192639384458485
324,0.0144,0.7470284521511924,0.7381032602470118,0.724772362246072
352,0.0145,0.7410092797975963,0.7449780573508252,0.7248766854943239
38,0.0145,0.7429324611140917,0.7420736304609997,0.7223745823479409
406,0.0147,0.7381270713121386,0.7442815213482281,0.7328394872944384
77,0.0147,0.7556399635797985,0.7433461646513705,0.7248073070666066
81,0.0148,0.745133480833148,0.7493435451790545,0.7291127673853554
124,0.0149,0.7386963345412025,0.7473370528272372,0.7316174126962482
24,0.0151,0.7413402440485345,0.755327076178305,0.732994778551403
74,0.0153,0.7568946397965592,0.7567545679538591,0.736860165830145
205,0.0154,0.7591059260364704,0.7537056757771569,0.7377030599017588
180,0.0156,0.7664680318333912,0.7547042083423814,0.741443098830631
504,0.0157,0.7596179807211276,0.7581282801476826,0.741790377562098
420,0.0158,0.7678651509975865,0.7629009156937512,0.7427961883781655
50,0.0159,0.770943065866146,0.7575838910786966,0.7445216576281642
490,0.016,0.7618731703401168,0.7671178100857784,0.7439817578736035
31,0.0161,0.771366115524917,0.7606089849647817,0.7438263395426395
90,0.0165,0.7721680969328459,0.7751009343184903,0.7522038911126951
451,0.0166,0.773935258523633,0.7750891762209778,0.7482640629410581
11,0.0167,0.7860494409770039,0.7708543577299098,0.7513801769004465
297,0.0168,0.7607230215103906,0.7763292887358714,0.7541434081442265
223,0.0168,0.7754762195424403,0.7774486720866414,0.7543755653305193
219,0.0168,0.7819112040422652,0.7753156444747662,0.7538286877029224
501,0.0176,0.7975211537986522,0.7844759514033264,0.7642129751583735
274,0.0176,0.7958102719580153,0.7772022899501541,0.7663583128007606
62,0.0177,0.79661428479434,0.7845968489402461,0.7658747467546638
471,0.0179,0.80068096340884,0.7907585611005077,0.7696340841561511
109,0.0179,0.8020924557439622,0.7894777024696759,0.7666698646786593
54,0.018,0.8060936705055546,0.7874806258086744,0.7707785442106875
476,0.0183,0.7984293898393116,0.8020802083395964,0.7727229825793874
66,0.0183,0.7916483102483052,0.7938247560322967,0.774403613807803
86,0.0184,0.7971420507530489,0.8003949764354994,0.7733611546895583
284,0.0185,0.8135975588065723,0.7960727549489803,0.7799872375476509
248,0.0185,0.7885806899814863,0.7970350151539377,0.7774641964033553
201,0.0186,0.8093462671721303,0.8006557899202963,0.7777786855091466
93,0.0187,0.7992029357323568,0.79548815909654,0.7787502392613534
116,0.0188,0.8014047020097148,0.7960984335582019,0.7761011565360564
498,0.0189,0.820373558076975,0.7954985307981287,0.7826030771683085
419,0.0196,0.8231468068637702,0.805147881226281,0.7891829640060919
323,0.0198,0.8061317060951624,0.8127296949098785,0.7908296051886884
33,0.0198,0.8140342193118918,0.8088702611817163,0.7868737043265428
350,0.0199,0.8166512054488808,0.811929762326971,0.7907633190851772
60,0.02,0.821254680968189,0.8143047155776738,0.7914733066681799
99,0.0202,0.8303729896573528,0.8164349416116372,0.7928433027451479
8,0.0205,0.8200128281959825,0.8215231623283156,0.7985139676886136
28,0.0206,0.8216650210953355,0.818244799511834,0.7996901222898364
457,0.0209,0.8266567968473267,0.8196584768286953,0.804060394705175
418,0.0209,0.8303834853345554,0.8255233607668178,0.8017244017378043
466,0.0213,0.8268528714135679,0.8172414900965743,0.8082642767474526
347,0.023,0.8274037790907908,0.844303135075074,0.8246440373268249
386,0.0234,0.83617092259312,0.8503187232328684,0.8291170434529789
379,0.0235,0.844157759885135,0.8505949136427415,0.8282893460993471
495,0.0238,0.847379293905635,0.8503178330017263,0.8298252695951551
26,0.024,0.8449966423745183,0.8483934361879063,0.8346841568908878
431,0.0241,0.8405123461482008,0.8518334417801345,0.8373976821434793
249,0.0242,0.8504405653234377,0.861685059517493,0.8382100626632528
425,0.0243,0.8479903670046541,0.8542919461351054,0.8381727658518727
230,0.0247,0.8360609574065473,0.8496284475600974,0.8410469701789954
376,0.0247,0.8471266340969509,0.8549490119694806,0.8392026654171397
216,0.0249,0.8587404503212834,0.8656034884336021,0.8438027084729507
189,0.0249,0.8513515967015136,0.855594128013712,0.8456872105277565
296,0.0251,0.868270424181281,0.8609626483865956,0.8444516218648833
271,0.0251,0.8592703673962324,0.850251530011341,0.8503926577086408
146,0.0253,0.8583375696282483,0.862501847441062,0.8469992408704778
409,0.0254,0.8551175939813831,0.8659180686204387,0.8463232983870876
389,0.0254,0.8626459885176507,0.8553997786349676,0.8476721029930666
477,0.0257,0.8705734559969035,0.8729653540403467,0.8515995412198701
6,0.0258,0.8743893936996977,0.8701829797944475,0.8556808636131203
10,0.026,0.8656036527462361,0.8641083404081665,0.8512508303136286
474,0.0262,0.8563375730312534,0.8702636590229039,0.8541605609580658
449,0.0267,0.8920673692520396,0.872628463809457,0.8613439252332903
494,0.027,0.8854397466323148,0.8815186802269437,0.8624107997070661
424,0.0271,0.880566156348486,0.8864516267156322,0.8620424585709429
410,0.0272,0.8743135625893945,0.8846078743316845,0.8633397506777264
47,0.0272,0.8835022067922892,0.8787770144483608,0.863965920017809
132,0.0274,0.8720296808569362,0.8821146507459974,0.8676660975729124
279,0.0276,0.8846592527541403,0.8866301049528473,0.862328840011914
450,0.0277,0.8937002529725641,0.8810971952477098,0.8694922445534491
484,0.0277,0.8877013037352769,0.8864191054202935,0.8717435088581599
493,0.0278,0.889991216215252,0.8897089609403204,0.8721449320116722
491,0.0282,0.909036433035033,0.890855927183621,0.8717741851816417
293,0.0285,0.9010199757938071,0.8950665264578643,0.8746857088239343
345,0.0289,0.9047049716331412,0.9025559684894383,0.8798387034378834
155,0.0292,0.8952455285285871,0.8933323753986101,0.8821933294331195
273,0.0299,0.9082821519800268,0.9001878935153138,0.8871085313658206
21,0.0301,0.9152246501573014,0.9030406919077602,0.8904283097957778
322,0.0303,0.9050484803245809,0.9074652868855492,0.8866021082772628
496,0.0307,0.9084471367173479,0.917363031097812,0.8914315537987646
59,0.0307,0.9144248598370822,0.9113582489475224,0.893064267946516
29,0.0308,0.902402290622671,0.9152210717796275,0.8875949832109085
165,0.0308,0.916606111208683,0.9121291801609499,0.8878125240871638
473,0.0309,0.9197499139319111,0.9105878937564417,0.8931147381784705
192,0.0309,0.9332323637856101,0.9137834515961079,0.8948273563204376
206,0.0309,0.9268524279886702,0.9205152538922357,0.8860437307759613
330,0.0311,0.9265752817533708,0.9073644848173306,0.8930109514781948
364,0.032,0.9273442035282121,0.9166406389759298,0.900790999816551
13,0.0326,0.9174284815751469,0.9242243101354145,0.9042191907414663
334,0.0327,0.9324328882761139,0.9236933664406473,0.905093732340493
278,0.034,0.9197144580888135,0.9323388255387366,0.9122781768987271
463,0.0342,0.9376795118393974,0.9200980941433782,0.9137473494550805
186,0.0348,0.9305463528255973,0.9307545419756255,0.9192195851549219
266,0.0363,0.9497412115810954,0.9281818431230073,0.9268859389074346
373,0.0366,0.9400657036345548,0.9368145528334064,0.9296595144416371
131,0.0371,0.945218531574317,0.94199743528854,0.9307213124036198
170,0.0373,0.9478362218778714,0.9415806565334282,0.9268327314491873
355,0.0378,0.9417242804734127,0.9416308589116339,0.9254054524490659
407,0.0379,0.9377917617040078,0.9406070024603203,0.9346366414717949
193,0.0399,0.9512667567911359,0.9466444918201424,0.9389231761048672
354,0.0402,0.9426730713676563,0.952444330231551,0.9413359740724564
440,0.0406,0.9570587699020171,0.9460450453010089,0.9476188884856608
245,0.0406,0.9669952096768555,0.9576463173526459,0.9473091453085936
243,0.0427,0.9546966759306086,0.9542253653405474,0.9511543479334473
194,0.0433,0.9436667031049579,0.9629879222769434,0.9564099012892243
3,0.0438,0.9641678133037709,0.9597983051589415,0.9554360870724837
290,0.0438,0.9746628924582776,0.9575349913796914,0.9559796543392635
268,0.0439,0.9686361273406932,0.9757576612080282,0.9588947765372317
117,0.0443,0.9632665546795277,0.9646646685917015,0.9572904297576283
400,0.0449,0.9648075016705026,0.9684187614169018,0.957602506229671
294,0.0471,0.9585937572531547,0.9749431867831029,0.9700455625350637
372,0.0474,0.968015630975593,0.9781603308257907,0.96242835783048
130,0.0494,0.9679406717669173,0.9752007108826536,0.9689592901498135
391,0.0495,0.981639259050578,0.97469474789323,0.9714732161411149
387,0.0508,0.9672550334487956,0.9824605255317468,0.9743128723871363
215,0.0516,0.9702105759038449,0.986850277835722,0.9803985467659362
269,0.0517,0.9702218565909163,0.9847170964395175,0.9801154587052396
285,0.0551,0.9813827811351958,0.9887390472128773,0.9859747528371471
283,0.0556,0.9931182229530867,0.9883590345044803,0.9848659906120667
282,0.0624,0.9945421767626478,0.9962713524414138,0.9853914455763306
304,0.0634,0.9806267298328672,0.9919716073775435,0.9885613224927651
163,0.0648,1.0048647917807023,0.9956728485743833,0.9917029784339031
402,0.0759,0.9917387452753894,1.0037089148332166,0.9981947944156245
325,0.0784,0.9779087413083609,0.9827530467234176,0.9904475822576324
