,Window,Variance GBP,Variance SEK,Variance CAD,Covariance SEK - GBP,Covariance SEK - CAD,Covariance GBP - CAD
0,0.13403674696103018,6.8518311888999355e-06,4.388210366889987e-06,1.8514327304584896e-05,1.5878392111364882e-06,1.8827501079917328e-06,1.5245047389845155e-06
1,0.24185543174824609,8.89902754566989e-06,5.070942071534744e-06,2.5799521517836286e-05,7.032613769673432e-08,8.519384967509874e-07,-2.2865662294432075e-06
2,0.7506395715598829,6.508418465464962e-05,8.411710468320602e-06,3.203668790594308e-05,-2.3778951049099685e-06,3.691833342521802e-06,5.02483831339294e-07
3,0.8203300618623028,6.592732801604932e-05,8.950716287208367e-06,2.9107823515027673e-05,1.4433057223982758e-06,4.377143663571106e-06,6.916997673470883e-06
4,0.990999443281912,6.004109477830712e-05,1.0423112862547016e-05,2.4341414121794707e-05,1.4301765184892097e-05,4.826094682284115e-06,5.7529451336092426e-06
5,0.3244833844710644,1.3854632576599124e-05,4.9705173781080935e-06,2.281919626235807e-05,-3.8618879840174775e-06,-3.787946682552571e-07,1.394282042689457e-06
6,0.9307670103711582,6.429363017107452e-05,9.908310516934892e-06,2.5043981546097422e-05,-4.4393353608344783e-07,4.738740430354898e-06,4.8728545091291865e-06
7,0.14093452993167188,8.452143974698354e-06,3.909965402578765e-06,2.2558137224837088e-05,1.78608934656931e-06,5.948908071714152e-07,1.5325662998226174e-06
8,0.5553795052118182,4.649089463524027e-05,7.429250768431658e-06,2.1947663100191487e-05,4.802452169902129e-06,1.0957030643617754e-06,-1.0535617179908478e-06
9,0.15112171160742494,8.79434546723768e-06,4.847554489301604e-06,1.7153635751270045e-05,-1.3325279534122834e-06,4.964885736295942e-07,-9.637898463952734e-07
10,0.9643891688373949,7.391801339715348e-05,8.387553338704532e-06,3.0342784040317572e-05,1.774172649977593e-07,5.43072856794256e-06,7.742392519037821e-06
11,0.8073299684727582,6.895642483670253e-05,8.30216152774826e-06,3.162378239939772e-05,2.910093501756529e-06,1.1765975699453545e-06,5.010284030990762e-06
12,0.4844562601353275,2.425901346165561e-05,7.71691075537944e-06,2.493919827279913e-05,3.893046950581348e-06,1.7432074939223395e-06,-5.801214663278009e-07
13,0.9236073368230523,6.553906621405015e-05,7.871871028997703e-06,2.2834905079888225e-05,2.8947062739939845e-06,4.291798936867827e-06,4.8437065229007234e-06
14,0.6992024629394259,6.549124589476137e-05,7.339019184117914e-06,2.9926986230183838e-05,-4.222408247106307e-06,1.5829543358089442e-06,2.2889275553285835e-06
15,0.4298790481132193,1.9764899148543512e-05,8.432839012953507e-06,2.7601029495666582e-05,-9.884207032298741e-07,-1.0893486210897497e-06,2.533200624758955e-06
16,0.6354378461455216,5.1633359156023944e-05,9.518695579404343e-06,2.7632141427644724e-05,6.110182859423706e-06,8.894454886101987e-07,-1.8585736305881243e-06
17,0.29951594502606405,1.243196947828839e-05,4.701860630620059e-06,2.4484528179535663e-05,-2.954721553684051e-07,-2.2633906795671009e-07,-1.3227172344920155e-06
18,0.16568792644426644,7.462510143554885e-06,3.781401210464296e-06,2.0616693550249607e-05,8.197574727319089e-07,6.890039998614054e-07,1.33549122393288e-06
19,0.14530149895186495,6.812157044669508e-06,3.65962487433344e-06,2.189554256578335e-05,4.696002240266805e-07,9.309124765324334e-07,5.508789877050436e-07
20,0.6307355941303842,5.0639559666177986e-05,6.880194019611719e-06,2.5571309871925865e-05,7.38785098654293e-06,6.7405473179145e-07,-2.1364451564472735e-06
21,0.22973326031575592,9.703437421443205e-06,4.5898403794491355e-06,2.0823797808927355e-05,-2.3147005094307263e-07,7.043910983210316e-07,-2.0408539623513504e-06
22,0.011828809608558477,2.4890867906510932e-06,2.012170315690342e-06,1.732049703171864e-05,2.599935202412729e-07,3.9247134076894414e-07,4.188111940134848e-08
23,0.7076591039548963,5.54418621085482e-05,8.296865810601724e-06,2.9530337091429433e-05,-5.141227187322654e-06,2.7800782359073195e-06,-2.815806772385481e-07
24,0.14452946985717263,5.6749545246028525e-06,4.024107533032051e-06,2.3716492347277824e-05,2.3596676872788425e-08,3.854276377198694e-07,1.0157104467443404e-06
25,0.8236111779457338,5.851796202741371e-05,8.127661958886355e-06,2.9332513003352847e-05,1.7978146249861012e-06,5.325554205657318e-06,5.272242903856378e-06
26,0.5210395641662423,5.5418641480589917e-05,8.50135577713273e-06,2.365959874195037e-05,4.843999072932945e-06,-4.6542512821337725e-07,-6.214723533750663e-06
27,0.9871541351977376,7.63126126545643e-05,8.471305757181036e-06,2.6220563644337055e-05,1.6883450257397482e-05,4.8234177848418326e-06,4.813060445539051e-06
28,0.07434504989554824,4.458231712571366e-06,2.782139960882174e-06,1.5545135518938584e-05,9.195791116954222e-07,-5.537181062613592e-08,-1.0212216851528196e-06
29,0.6156958946530882,5.048891805875882e-05,7.971357265085842e-06,2.3275357557584838e-05,4.1558304232026425e-06,2.0100918045029325e-06,-6.219177324126285e-07
30,0.32027750732466875,1.5034019132322546e-05,5.967066934851213e-06,2.245290939851282e-05,-2.821810909948489e-06,-4.651607783849358e-07,-1.6193910773558288e-06
31,0.24113290612240657,8.059576780636797e-06,5.211956457481759e-06,2.362490769438008e-05,2.6235626275829573e-07,1.1132447051268492e-06,-1.9516314319166216e-06
32,0.1402028717677627,9.249961259411627e-06,4.069987345802284e-06,2.0133520668325923e-05,1.3307491110741547e-06,2.5663752251127693e-07,2.9756057294775088e-06
33,0.05169932532201338,3.5408920363258546e-06,2.568467162789976e-06,1.5431151436946887e-05,-6.478455037573159e-07,-5.210569901985063e-07,-4.5680063556285423e-07
34,0.35659806410409567,1.5841223700473885e-05,5.929283292824224e-06,2.2782549050134245e-05,-5.313381367285445e-07,1.6892785419551119e-06,-2.849521487171231e-06
35,0.1966270946220845,9.777148233395791e-06,3.211893914299967e-06,2.1631028383824242e-05,7.643507872543692e-07,4.276087344743749e-07,3.8382205259142173e-07
36,0.501302586873071,5.461465555066373e-05,8.759989630244631e-06,2.5782194923069423e-05,4.142750589665156e-06,6.25834369811901e-07,-1.1764599005825532e-06
37,0.5247314167732032,4.614163325512702e-05,1.1591371431125299e-05,2.4636615783264893e-05,3.8451467008453595e-06,1.5736054874194605e-07,-5.1967735767447976e-06
38,0.22628648850026867,9.589464777560525e-06,5.247798099357163e-06,1.7965406563839484e-05,-2.7770510498663477e-07,-3.7073113838856624e-07,-4.969435456557041e-07
39,0.07224340826003073,4.3473145223726e-06,3.436593805450415e-06,1.809044939377846e-05,-3.3646394068508436e-07,-7.751137845928208e-07,-3.4869845746018724e-07
40,0.8665425624268233,5.82647475374909e-05,8.968250053562369e-06,2.9812817410337454e-05,2.7250541918039244e-06,3.345760782974161e-06,6.184730921144257e-06
41,0.7276183575768707,5.706598345262725e-05,8.09160681522439e-06,3.136592330731577e-05,-5.471992184365632e-06,4.094531535471049e-06,-3.018655393965964e-06
42,0.999122012906374,6.356462613210582e-05,8.527533034789826e-06,2.6992474364698247e-05,2.0873962075927762e-05,3.846212228499059e-06,5.651504607691866e-06
43,0.3251008944733085,1.3462952309237318e-05,5.763016062380657e-06,2.156220056910995e-05,-3.837846543392957e-06,-3.3315760296707343e-07,7.673494563243454e-07
44,0.8324854759171307,6.550669880461562e-05,1.3075819015482991e-05,3.080907538164239e-05,-1.1452457305471324e-06,5.112682076307432e-06,2.0091390905875026e-06
45,0.4086096222852126,1.859412044772522e-05,9.568420368813554e-06,2.905271026057169e-05,-1.9334666448158493e-06,-3.121994355580148e-06,5.856332779179607e-07
46,0.213741606045186,8.469408122805631e-06,5.196635239661878e-06,2.202753362566381e-05,2.3025031616977732e-07,-4.862483504038252e-07,2.321663766956644e-07
47,0.681023338004922,6.090767640784245e-05,7.704782643411784e-06,3.061729655481511e-05,1.8533019303471204e-06,-2.419927524909827e-07,5.179111574967935e-07
48,0.8250124767811,7.32423565328357e-05,8.621009456176728e-06,2.9569982110075303e-05,3.4798933656705357e-07,5.106409086693969e-06,5.70047068080974e-06
49,0.12820868171388222,5.929144686245567e-06,3.4440562252113878e-06,1.968813305224112e-05,-2.5997608888713734e-07,7.255809445054845e-07,6.575907356208109e-07
50,0.8480224209630918,5.7922659354767466e-05,8.826137981711982e-06,2.5898500647263672e-05,4.2104891533031893e-07,3.4063748805172975e-06,5.26295207494042e-06
51,0.2503674163785139,9.390599008381356e-06,4.623714128684639e-06,2.2405636961679524e-05,1.0757742546524415e-06,-8.221997784270666e-08,-1.4788914377277166e-06
52,0.2893341142104505,1.2490702453768517e-05,4.980615312618169e-06,2.3689942860261914e-05,-4.3530550850874774e-07,7.765518227051155e-08,-2.9197825224902944e-07
53,0.6797917073804305,5.449041507772442e-05,7.723817605745635e-06,2.9475169564267742e-05,4.914744292660517e-06,-2.407423819022461e-07,6.101862617273213e-07
54,0.5173684676959697,5.156852146246842e-05,8.886599209075763e-06,2.3013670725332498e-05,3.3924132423315963e-07,-1.3546404214370733e-06,-5.426391470842653e-06
55,0.43681779101371987,1.701248593678794e-05,8.738840550869425e-06,2.562993168234209e-05,-1.0857474177089348e-06,-6.123215363278176e-07,-7.795364862262265e-07
56,0.3362419363156194,1.6535878290940217e-05,5.660911004599828e-06,2.9002810572064077e-05,-2.397575072207923e-06,1.5421121801566235e-06,4.510605425442098e-07
57,0.10765078602722733,6.013196026976279e-06,3.0395931958195307e-06,1.7516030284027476e-05,-3.4250467335697374e-07,-1.2910447618792024e-07,9.393745930589438e-07
58,0.2198811285956329,9.443089673313475e-06,4.681673805136696e-06,1.9225228045155404e-05,2.1342352202738058e-07,4.0479880717716217e-07,-6.82258786650288e-08
59,0.8196129906705826,6.759757251131816e-05,8.342229860737277e-06,2.8143789703393625e-05,5.25015118901995e-07,4.335195163535249e-06,7.434091728760206e-06
60,0.13721869147970034,8.588508107841505e-06,3.901341371120627e-06,2.0389836302267608e-05,1.0879790489869029e-06,7.098208513162583e-07,4.480256821185197e-06
61,0.7829920860178691,6.319484402262298e-05,1.1176103597730213e-05,3.110105609760543e-05,2.4322448178686154e-06,4.176444970032188e-06,2.618268767236114e-06
62,0.8158092491890493,5.7609113239755216e-05,1.0729600375065845e-05,3.0023897670320828e-05,4.793419115918865e-07,3.180618448576187e-06,6.230386152198601e-06
63,0.27150125182965223,1.0723153187524776e-05,4.7037063423473384e-06,2.784471064391437e-05,2.2420682389697516e-08,-6.474221711533874e-07,-1.4999344345428558e-06
64,0.8145204017947494,5.981991155035487e-05,9.698942015152125e-06,3.099008796061488e-05,3.288170828883996e-06,3.953632002777101e-06,5.4154066414975655e-06
65,0.556333733972255,4.731215305755754e-05,7.782359292311498e-06,2.2727282299661736e-05,4.497646827487582e-06,6.685330620657357e-07,9.152034020963382e-07
66,0.8338168198615569,7.18522558551505e-05,9.059090784880118e-06,2.9622599738437317e-05,-1.4810028706506054e-07,3.8333480983017114e-06,4.085620949622611e-06
67,0.38211701851190183,1.7553240447174415e-05,6.3564704401843215e-06,2.7842064318793627e-05,-1.0189911394485358e-06,-1.15658991227663e-06,1.1688641022815177e-06
68,0.5534036295547962,4.689268918405365e-05,8.391619307757339e-06,2.2169751906216876e-05,4.192544509262055e-06,1.9567733639880225e-06,-3.616621406146569e-06
69,0.8136631229221378,6.067251054092862e-05,8.387779333650268e-06,3.0241825584721217e-05,2.0785658471283646e-06,3.7104740671702553e-06,4.159149874242884e-06
70,0.44306710879811617,1.8856481346151628e-05,1.4731016187231592e-05,2.8088415124677593e-05,-2.5057675345911993e-06,-1.0263595329552435e-06,2.486575710704968e-07
71,0.46574890633068555,2.164897803432315e-05,1.0152071898654345e-05,2.3230091011578326e-05,3.6132438955232314e-06,1.5605357033504569e-06,-1.2989746536918601e-06
72,0.8737619885319279,7.395529124551384e-05,8.672058615400458e-06,2.878984983404445e-05,6.941685851187419e-06,4.870369409713988e-06,5.459141222050923e-06
73,0.34366667054740796,1.4549054223412108e-05,5.9957998021108954e-06,2.1494032923851692e-05,-1.4149200039218097e-06,1.4400441113484336e-06,-1.3979987239438578e-06
74,0.11758176738619763,6.703001791581917e-06,4.033063728601386e-06,2.031291733113278e-05,1.053542878686518e-06,-3.166492609990129e-08,-3.019008332327092e-07
75,0.7588603869492397,5.6354904179184645e-05,8.541420727428401e-06,2.7941405499973256e-05,-1.795071602947599e-06,2.192814074046075e-06,-1.2381860292823296e-07
76,0.3325571975160285,1.4568408440959899e-05,4.6094362037478975e-06,2.6926657687380525e-05,-2.8009758801191544e-06,5.238368865891996e-07,4.989842307526904e-07
77,0.45117112246110946,2.2392479345486716e-05,8.204194092988048e-06,2.4089657395737374e-05,2.3871974466016615e-06,2.3456667820082556e-07,-1.922491572208478e-06
78,0.957579675469926,5.706232414192189e-05,7.957510142470027e-06,2.8602849430163447e-05,1.2638447160253647e-05,5.935441688344162e-06,6.33266254618723e-06
79,0.24853285372972067,1.0843542966089161e-05,4.014451647919162e-06,2.1736701760602492e-05,3.590837345535241e-07,2.4469047608054143e-07,-2.122328198816521e-06
80,0.6808301462582607,6.117067434536157e-05,7.92153242096657e-06,3.086538354947829e-05,2.2161440292208056e-06,-1.3057383219325003e-07,6.925007947564056e-07
81,0.7094060472669488,6.630492459132907e-05,8.480624847851612e-06,3.058101500705136e-05,-4.305680350959511e-06,2.65251980837227e-06,-7.977467825774155e-07
82,0.7457980100552504,5.6183789215737224e-05,8.001663784118095e-06,3.159528464019204e-05,-7.3523692958001135e-06,2.8268133275288907e-06,-1.5092914135356088e-06
83,0.32790780508160344,1.4783496862439908e-05,4.455910408887446e-06,2.2473239849124245e-05,-1.922476025915247e-06,9.051682895820821e-07,2.1236141741654923e-06
84,0.2586380478748902,1.0547126369033292e-05,4.528621708294806e-06,2.397327007976403e-05,2.1352069142632517e-06,-6.631674226183297e-07,-6.493982992773795e-07
85,0.6816903393786342,6.300334990739892e-05,7.584200288769939e-06,2.9568849133323922e-05,3.943658837994094e-06,-1.3027423377529068e-07,-2.2626003106631614e-06
86,0.36971556761102875,1.5863488529828665e-05,5.8818687907036794e-06,2.5480317174603662e-05,-6.116162738306451e-08,3.9399122078097457e-07,-6.482304832661676e-07
87,0.6103312642495617,5.472020598942162e-05,8.716264521385635e-06,2.418440468267472e-05,1.5290283126386642e-06,2.480802129236362e-06,-3.3036976548831483e-06
88,0.4264254131692885,1.8941886628907554e-05,9.191715228892576e-06,2.6084819451070964e-05,-1.5786273626421532e-06,-1.5457537252156025e-06,1.7271185354021055e-06
89,0.4818108746512205,2.1733770881288792e-05,8.863663411701067e-06,2.656154833383743e-05,2.2175922193125276e-06,2.0984198960456837e-06,-3.1394229610611653e-07
90,0.7802446300057173,5.285441243958852e-05,8.79422047330747e-06,3.134017848744453e-05,4.968491421661942e-07,2.6747146116819083e-06,5.680015789878708e-06
91,0.42495209789343125,1.8302806522055696e-05,7.241519274497121e-06,2.442185356694274e-05,-2.241689361905158e-06,-2.1345674356993773e-06,8.127023262054291e-07
92,0.04515870463953564,5.141474362826966e-06,1.99146832695627e-06,1.7105734628238595e-05,-1.0890782580032253e-06,2.1229901938610447e-08,2.4140594595497093e-07
93,0.6467187364021469,7.059974317866907e-05,8.798574908384765e-06,2.9122969864716577e-05,7.004277138061638e-06,6.412544080244838e-08,1.2020138066233762e-06
94,0.6527645284867721,5.149860672532596e-05,7.093100933016924e-06,2.829038662538118e-05,6.27447442917694e-06,-4.787601181309584e-07,-1.465444812885221e-06
95,0.2372292978948346,1.2036658974373552e-05,4.965150419892292e-06,2.2357636393234723e-05,2.679534279479251e-07,1.1966735490299276e-06,-1.4582164719789649e-06
96,0.8728656700359697,6.858886321526202e-05,9.801837427391949e-06,2.8143528613399325e-05,8.762933921502962e-06,4.799217622545741e-06,5.599847461505973e-06
97,0.6287414178736502,5.516818538668156e-05,8.413909408785053e-06,2.6942315054472288e-05,4.269649128543092e-06,4.6616355094308045e-07,-6.956047234369927e-07
98,0.5454015989722782,4.8471188905429904e-05,1.0086511910115783e-05,2.6241421130183458e-05,3.7083894924898637e-06,5.560593243398537e-08,-1.540367586605651e-06
99,0.08426301449994023,5.491679881775304e-06,3.0944422910630626e-06,1.921980959021266e-05,4.4345655257623176e-07,2.9599990485833614e-08,-6.024849518191824e-08
100,0.7060579752722086,4.812406131686628e-05,8.097708399274735e-06,3.077136337372772e-05,-2.4444823269329074e-06,1.979705319790942e-06,-5.497563778927674e-07
101,0.9716986264668555,5.897204785680511e-05,8.293915770884844e-06,3.0281469328550538e-05,1.5963877392745842e-05,5.361540970812763e-06,7.648688924622057e-06
102,0.30828891656720714,1.46490578554452e-05,6.036395317074794e-06,2.3568270742420764e-05,-1.849020695103638e-06,-2.6867683990978614e-07,-2.0206028132432214e-06
103,0.9253848418502044,5.5926856542401154e-05,1.1105591121617681e-05,2.242491590375818e-05,-3.6818684722748938e-06,5.559030610574088e-06,5.0256710370291115e-06
104,0.34472442806661074,1.4667896538135457e-05,6.007588340730373e-06,2.0922099292078615e-05,9.359939348349384e-07,1.9051784399200216e-06,-2.3845332936567044e-06
105,0.8078852397890166,6.63691604929787e-05,8.249183799260557e-06,3.071253402852742e-05,2.969866802537904e-06,2.2372506414617974e-06,5.450558195644098e-06
106,0.12128311326491203,6.168241155926713e-06,3.5766949377014743e-06,1.961316939466865e-05,1.5031776444001075e-06,2.397323881511345e-07,2.1918022644607779e-07
107,0.29690504206671564,1.1549580743866903e-05,4.68821630667241e-06,2.5143865803019617e-05,-8.009962717495777e-07,2.3464283722555673e-07,-1.201122016964866e-06
108,0.32700608605456016,1.3920422563468222e-05,4.334010579536084e-06,2.436874380210096e-05,-2.114349782900091e-06,4.017976427023011e-08,1.3053021070514803e-06
109,0.7693160810744356,5.3039840762815175e-05,8.291682934420574e-06,2.7782349560185803e-05,1.253021253979966e-07,2.771866774528834e-06,2.6224857498536967e-06
110,0.8536383668590993,5.5592156556563854e-05,8.296637584540861e-06,2.6245442401672344e-05,5.15106806047503e-06,5.228275850645101e-06,6.406135785263342e-06
111,0.7648346310212182,6.080408686788231e-05,9.289464848676882e-06,2.9991396509956604e-05,-2.060609389751771e-06,1.6211941762562024e-06,1.4241125831643628e-06
112,0.5941292132825166,4.54146313752529e-05,7.0134936141263635e-06,2.2809760065047614e-05,3.8090537951216075e-06,2.9963192026274265e-07,-2.60093207973148e-06
113,0.9371693705990813,6.690472712267832e-05,8.27117733624055e-06,2.457084238635399e-05,1.6045835075857198e-05,4.312450847288329e-06,4.56774189210162e-06
114,0.24860610425862406,1.0821032637424747e-05,3.954365731958565e-06,2.1732953893709197e-05,3.746246808057217e-07,3.037427350541684e-07,-2.0023463588250513e-06
115,0.7513766083162546,6.748962580983385e-05,9.889398805151803e-06,3.08575873431772e-05,-4.193804197226583e-06,3.56317284290535e-06,4.775809755952994e-07
116,0.4607553738285819,2.2394117711772576e-05,6.116157710965253e-06,2.769672848468793e-05,1.4662350152544012e-06,6.803796841932823e-07,-3.930973480603512e-06
117,0.031035476991859157,3.5482968423611555e-06,1.6978298163254477e-06,1.225807971734251e-05,-2.3338746531511242e-07,-5.533768627872253e-07,9.17797571466102e-07
118,0.5915071813977895,5.13221165046289e-05,7.654193498661113e-06,2.448858005055779e-05,7.215964794030918e-06,1.1851114024300841e-06,-5.782355373332443e-07
119,0.30784913877191866,1.4225233027679449e-05,5.79931490129432e-06,2.5820151367746266e-05,-1.8231817614548622e-06,-1.8722384552856045e-07,-1.401105857119765e-06
120,0.18262635866552202,7.537951457647077e-06,3.950559168036819e-06,2.226253726413456e-05,-1.5787925001798307e-06,-3.8044529548530877e-07,-5.733691568690377e-07
121,0.08265569696418573,6.636154280758802e-06,2.884711384778653e-06,1.56730230450069e-05,-2.0456241869023795e-07,4.353843107460052e-07,-1.1424018577941613e-06
122,0.4429043548663548,1.8944985239964378e-05,1.1856001957914092e-05,2.8611325771744326e-05,-1.6832595706010657e-06,-1.2311953353754712e-06,1.1362184741334899e-07
123,0.2904833835336741,1.1864979429107897e-05,4.9977806434984035e-06,2.5782283952744098e-05,4.594864607883435e-07,-2.14841647106211e-07,1.1598330522938527e-07
124,0.22004323439253692,9.451999539470457e-06,4.533694617603594e-06,1.9474766128346432e-05,4.301148272613309e-09,5.877607827732809e-07,-2.004092593342625e-07
125,0.7064364830136045,5.151667873917982e-05,1.3293770344428956e-05,3.1202554384096617e-05,-1.3814514858278713e-06,2.3267626132670874e-06,-3.409042244581398e-07
126,0.30621421553585815,1.4813326484320778e-05,4.777990947284664e-06,2.4033741120710366e-05,-7.57472833846432e-07,-3.776813429616888e-07,-1.482678195025097e-06
127,0.854036362646339,5.4240545085053445e-05,8.998414635824748e-06,2.6817586411698938e-05,4.370377558290501e-06,5.666311172876361e-06,4.801751657006829e-06
128,0.1158809562756008,7.226223732144723e-06,3.3759799289059157e-06,1.8204827180272046e-05,6.759261968293641e-07,-3.1545010683173955e-07,-7.108334421376791e-07
129,0.8162373622914493,5.64409338172985e-05,9.078437061557002e-06,3.057152732089053e-05,2.8479028213588885e-06,3.7273299074043655e-06,6.26818137289673e-06
130,0.6165630687109265,5.305988770233304e-05,8.348446498529473e-06,2.2729965667023377e-05,4.126908214204879e-06,1.970557576150807e-06,-1.2664680665803813e-06
131,0.46492500432228157,2.2727876817796782e-05,8.063482457331693e-06,2.5178474646833158e-05,2.12007268301276e-06,8.215812841630907e-07,2.6661462262045085e-07
132,0.9574044974293158,5.4800885664627056e-05,8.227460699074312e-06,2.911692146273349e-05,1.4226204678894768e-05,5.805546398195163e-06,6.717704972609268e-06
133,0.7260402532417403,4.955050361273782e-05,8.259764769029424e-06,3.1139709547945316e-05,-8.162354214361866e-06,4.592483582185591e-06,-1.7434885069918401e-06
134,0.1472943158994211,7.192644367523414e-06,3.84907341106295e-06,1.905410197385172e-05,6.63685839720242e-07,6.244893592254303e-07,3.2894228360056976e-07
135,0.12859935238870857,6.907803137226553e-06,3.572690670533482e-06,2.0399113654376247e-05,-5.016917757382859e-07,6.139832375487071e-07,1.2216024129064882e-06
136,0.6296394622116505,5.429806245709239e-05,7.4401839656938645e-06,2.6346240770331256e-05,6.800250776752984e-06,7.176489781693089e-07,-1.1977402344276964e-06
137,0.8954815148889775,6.024151499403051e-05,9.030288310915601e-06,2.63470654997134e-05,5.471349500997293e-06,5.905579191745414e-06,7.49824351499389e-06
138,0.0930234008000611,5.204359284402022e-06,2.8497258172635373e-06,1.834306037908506e-05,-3.0288816964677367e-07,1.1044746401686607e-07,-3.5266203834203044e-07
139,0.823126588767124,5.662850354831647e-05,8.463096415908818e-06,2.90272145859833e-05,3.684325187238639e-06,5.027181387115248e-06,5.246410309064913e-06
140,0.3500192165393029,1.4621206050024812e-05,6.359114510521379e-06,2.2018983913585343e-05,-7.876197529068007e-07,2.0666880167319e-06,-3.2361424022118282e-06
141,0.4188229124920638,2.218584684940185e-05,8.125071906296382e-06,2.466615828601805e-05,-2.843615316866801e-06,-2.35209072626266e-06,9.455900834190102e-07
142,0.01779110956389418,3.50644527343494e-06,2.064405621457073e-06,1.8424697484600375e-05,-7.7080427615121e-08,3.385048249818819e-07,-4.866028378306257e-07
143,0.7034938520296378,6.864244586817337e-05,7.394699587898774e-06,3.280602302930224e-05,-3.857229520309201e-06,1.8776844698064467e-06,1.363269625235943e-06
144,0.7193634032046238,6.595834760883159e-05,8.491748304384119e-06,2.875286267064572e-05,-6.403385366985722e-06,4.073722523945931e-06,1.6105474691551635e-06
145,0.44054908338150556,1.949039575382399e-05,6.981351309278598e-06,2.8265328756206965e-05,1.384864514145256e-06,-1.2847989605719291e-06,-3.1458983196379803e-06
146,0.22574202176852454,9.86803605768588e-06,5.025752685171418e-06,1.7590931900673463e-05,3.326872866206915e-07,-2.363253817824893e-07,-3.573633770996247e-07
147,0.38910041444402155,1.7297059314250916e-05,8.480797690537503e-06,3.1110260703911914e-05,7.768507134723379e-07,-1.7067998250870329e-06,1.412714617375483e-06
148,0.5379076896149316,4.642090836927973e-05,8.293295074048078e-06,2.5100272679537296e-05,2.072197218640552e-06,7.086051513497938e-07,-4.3531632679602735e-10
149,0.8164751785061526,5.806649361931149e-05,9.368720587794845e-06,2.98209647333858e-05,2.9367874803476794e-06,3.7917818511699794e-06,5.824377100218962e-06
150,0.9998075025500501,7.338266363104244e-05,9.231463517444975e-06,2.6082016736492348e-05,2.5343232736439137e-05,3.2843060979725866e-06,4.507860832002909e-06
151,0.26916052386401623,9.710296947750955e-06,4.633148830134767e-06,2.5218006967291305e-05,1.4663049483227594e-06,-5.277718520414444e-07,-1.701439401967621e-06
152,0.42995127802425226,1.899946714095542e-05,8.730398080085525e-06,2.7770724418678347e-05,-1.0608068355016394e-06,-1.201765661265007e-06,2.5306528610059713e-06
153,0.6290364844534724,5.741610819339541e-05,7.552176748880784e-06,2.6926494791634184e-05,5.80695383088664e-06,1.2680800666279733e-07,-1.070358544040997e-06
154,0.3926282842633505,1.7308416556504796e-05,8.583262614555306e-06,2.6883554600676734e-05,1.3106862021416107e-06,-1.150349967829435e-06,3.0200443479004773e-06
155,0.07691520214893899,6.549191811247221e-06,3.6845790327581424e-06,2.23884606311316e-05,1.1323052830840178e-06,5.098024279112307e-07,4.272830741450731e-07
156,0.9402898622022144,5.726339537080947e-05,1.0344045374435154e-05,2.754224892867352e-05,3.495987289047396e-06,3.6371184680675424e-06,5.4557136080600525e-06
157,0.7966018534103437,6.495007227280689e-05,8.713213353494324e-06,2.6666470429660448e-05,1.317222019654453e-06,3.370093665091669e-06,3.0724171753987426e-06
158,0.9320414230881193,6.524381706797212e-05,8.724935611701437e-06,2.6911461240780382e-05,6.618933312161913e-06,5.391290753057108e-06,6.381748641834162e-06
159,0.6059032958845718,5.517754918889004e-05,8.963698829472257e-06,2.565662547572985e-05,6.426151125936867e-06,2.251125156793087e-06,-4.344185771902589e-06
160,0.5101430546665394,4.652633356538965e-05,9.034334676893634e-06,2.3024191358122126e-05,9.530531628875613e-07,2.726460786914702e-07,-2.852245845247668e-06
161,0.9549653628300176,5.334484361223767e-05,9.294755495666438e-06,2.855877220893743e-05,1.895277341189572e-05,6.091248702622261e-06,4.379166549202064e-06
162,0.3465328549191482,1.2883698012677284e-05,5.263341839761659e-06,2.1882127149940128e-05,-1.4745516738996622e-06,1.6596123414453817e-06,-3.7688038371170444e-06
163,0.2689066306614305,9.53623160280755e-06,4.6431299524014986e-06,2.535935309902963e-05,1.4540742567981782e-06,-7.759176717052077e-07,-2.2980123935233184e-06
164,0.6177047274067496,6.207139404632135e-05,8.940348135768203e-06,2.3143542964066403e-05,5.30197776673112e-06,1.6673694840902693e-06,-1.5913456783643949e-06
165,0.9328766649224693,7.194213535710876e-05,8.361274101060271e-06,2.6397159141693098e-05,8.136249811553906e-06,4.872789075694651e-06,7.137170702162396e-06
166,0.509501124661828,5.334694961789674e-05,8.418071798481816e-06,2.3441717804949118e-05,1.8480578221450415e-06,-2.6585050540845673e-08,-2.718709615918137e-06
167,0.573557211121038,5.440289584267928e-05,9.49392540116486e-06,2.5986582689200535e-05,4.994647521222183e-06,-2.2504325967568697e-07,-5.665258601166993e-07
168,0.33128913064341114,1.4377328601512711e-05,5.4094220230521495e-06,2.6872977091526205e-05,-2.5975718136907664e-06,2.135019438803074e-07,1.084111159898796e-06
169,0.696699590596547,5.091459969187894e-05,1.0401042890449594e-05,2.9035030127164444e-05,-4.5579501916789403e-07,1.984535818015218e-06,6.623657191590378e-07
170,0.07287309951941556,4.049704843717502e-06,2.9005761172806837e-06,1.607334160045777e-05,1.4645522822986976e-10,-1.607604069777121e-08,-1.1497310246730577e-06
171,0.8176523476143481,5.65743190667497e-05,8.445585138931438e-06,3.0434291967464816e-05,2.633931045572354e-07,3.940234016135748e-06,7.469128980187555e-06
172,0.8500631581095894,6.391769675196041e-05,1.1871309572057454e-05,2.5836118636399347e-05,3.1896919424387274e-06,3.8146460280857794e-06,5.452642556289233e-06
173,0.10978292675518775,6.0458227550336165e-06,2.8659357434006234e-06,1.6856826866330108e-05,-1.2125325890685234e-07,1.2823546088349826e-07,1.090867006782631e-06
174,0.8796720677322681,5.781006429272927e-05,9.014811767076434e-06,2.8429732711370193e-05,6.676818424421744e-06,5.046346115482822e-06,6.240181758147097e-06
175,0.45199701995908437,2.0468155099512045e-05,9.122793543865215e-06,2.5177737277813673e-05,3.4389419554260166e-06,2.111393447862339e-07,-1.7503623052823116e-06
176,0.40441039257851075,1.963228320779739e-05,6.6114990486522095e-06,2.5139145245939134e-05,-6.168195053169382e-07,-2.3229039657394146e-06,-2.417074655639269e-07
177,0.939575507119731,6.01619374643969e-05,9.931574193137578e-06,2.5596787577839608e-05,4.468887536540021e-06,3.8867579133603396e-06,4.999693795589828e-06
178,0.28958502081273496,1.2494819093734802e-05,5.455051123117607e-06,2.3352823415546365e-05,-9.492957401108117e-08,-1.8067393059128806e-07,-5.494211952183366e-07
179,0.23360184132284456,1.2394191168046139e-05,4.133450660291866e-06,2.2639945929004167e-05,1.492332155855177e-07,8.403205464706487e-08,-2.1174589769525007e-06
180,0.9627714675366497,7.145526386408099e-05,9.13432977184728e-06,2.9882435468721236e-05,-2.6708295375532356e-06,4.8713636425906535e-06,8.80961022173322e-06
181,0.12720979600525395,8.228287278800778e-06,3.743081933435932e-06,1.8710560533593068e-05,1.1262499635279493e-06,6.921028691312698e-07,1.6636175997966218e-06
182,0.7946458438242763,6.8342740586904e-05,1.0898593152793634e-05,2.7830956775174773e-05,2.79344798163051e-07,4.781941659573554e-06,3.1808003896864255e-06
183,0.02000877054260175,2.9485289068473093e-06,2.226694244262326e-06,1.1057522232952105e-05,-2.7325519975096935e-07,5.643481960500148e-07,-3.672577043924905e-07
184,0.7972955410180591,5.1183942152139326e-05,9.49909005190791e-06,2.6900143151142053e-05,-1.0021052275456117e-06,2.961981391634222e-06,3.594140923176902e-06
185,0.011426797544071277,2.8567265084572327e-06,1.6137153063966509e-06,1.049345684909721e-05,5.740384971825969e-07,3.5709044062359173e-07,-1.1217984322448541e-07
186,0.6999375340634392,7.33332607401745e-05,6.737708563876402e-06,3.0881207613046436e-05,-4.324170598889892e-06,1.8223553920278001e-06,3.6600146216440446e-06
187,0.5506861479369344,5.044919918600263e-05,7.697255799455915e-06,2.290055898911411e-05,1.9108121119978904e-07,1.4220587890092725e-06,7.046980580657789e-07
188,0.29060731581723553,1.1780041986338057e-05,4.855328418880857e-06,2.480052099113578e-05,5.692148153911432e-07,-1.3071164493183073e-07,-2.490581688555982e-07
189,0.5915673156383104,5.075482845905595e-05,7.575884897594421e-06,2.44226976316194e-05,7.19562475285775e-06,1.2859278047394554e-06,-7.862189870954186e-07
190,0.3791270119183888,1.6145855849935547e-05,6.156696904284579e-06,2.807273388441797e-05,-1.906940866392416e-07,-2.2938010095992012e-07,4.2551929648112524e-08
191,0.927469621865998,5.845408616793989e-05,9.420362318892985e-06,2.348602500389031e-05,3.384837651689316e-06,5.523812960391538e-06,4.656588727058862e-06
192,0.2745689701308247,1.1709471839101804e-05,4.693944927113471e-06,2.0601520382680186e-05,3.2757299572140676e-07,1.2537041409349408e-07,-2.1346781198667638e-07
193,0.766887355868981,5.446450105408058e-05,1.034417235277572e-05,2.864520278655125e-05,-1.0263082388531094e-06,2.4160782033969445e-06,2.9368767531844203e-06
194,0.4425113464924122,1.9758281083691732e-05,9.06960656536375e-06,2.6941507985998625e-05,7.858097181083683e-07,-1.1396961189640825e-06,-1.880070137772393e-07
195,0.267572522345616,1.1919114485398938e-05,4.0073371662525565e-06,2.5655639631806092e-05,-2.962089464532977e-07,-3.361500510124863e-07,-1.977108619464745e-06
196,0.7584811992754064,5.6448834702354455e-05,9.213989700345052e-06,2.7594391401858332e-05,-5.033655155910026e-07,1.957569159374897e-06,8.65248441084498e-07
197,0.3168127961405637,1.352067433955381e-05,6.940687309090478e-06,2.4655793061090858e-05,-3.4400183539563223e-06,-2.910645667733541e-06,-6.404116554321866e-07
198,0.7816429834647216,5.525528561761762e-05,9.684066178572241e-06,3.122497952683995e-05,3.478867264574175e-06,3.135228868727553e-06,2.076296374159411e-06
199,0.15636637869370207,9.963992229725205e-06,3.924968806394091e-06,1.8988004654113675e-05,-3.964297745089897e-07,-3.282846559327683e-07,-7.929047592559633e-08
